Transaction_ID,Items
1,['Credit Card']
2,"['Personal Loan', 'Investment', 'Demat A/c']"
3,['Investment']
4,['Demat A/c']
5,"['Credit Card', 'Investment', 'Demat A/c', 'Savings A/c']"
6,"['Demat A/c', 'Investment']"
7,['Demat A/c']
8,"['Investment', 'Demat A/c']"
9,"['Personal Loan', 'Savings A/c', 'Business Loan', 'Credit Card']"
10,"['Investment', 'Savings A/c']"
11,"['Business Loan', 'Personal Loan', 'Demat A/c']"
12,"['Credit Card', 'Investment', 'Savings A/c']"
13,['Business Loan']
14,"['Demat A/c', 'Business Loan', 'Credit Card']"
15,"['Demat A/c', 'Credit Card', 'Savings A/c', 'Investment']"
16,"['Investment', 'Demat A/c', 'Business Loan']"
17,"['Investment', 'Credit Card']"
18,['Investment']
19,"['Business Loan', 'Credit Card']"
20,"['Credit Card', 'Savings A/c']"
21,"['Savings A/c', 'Business Loan', 'Personal Loan']"
22,"['Business Loan', 'Personal Loan', 'Investment']"
23,['Demat A/c']
24,"['Demat A/c', 'Personal Loan']"
25,"['Savings A/c', 'Investment']"
26,"['Investment', 'Demat A/c', 'Personal Loan']"
27,"['Credit Card', 'Personal Loan', 'Investment']"
28,"['Savings A/c', 'Business Loan', 'Credit Card']"
29,"['Demat A/c', 'Business Loan']"
30,"['Investment', 'Savings A/c']"
31,"['Investment', 'Savings A/c', 'Personal Loan', 'Demat A/c']"
32,"['Personal Loan', 'Demat A/c']"
33,"['Investment', 'Demat A/c', 'Savings A/c']"
34,"['Business Loan', 'Personal Loan', 'Demat A/c', 'Investment']"
35,"['Credit Card', 'Investment', 'Demat A/c', 'Savings A/c']"
36,"['Investment', 'Savings A/c']"
37,['Savings A/c']
38,"['Demat A/c', 'Savings A/c', 'Business Loan', 'Investment']"
39,['Investment']
40,['Investment']
41,"['Investment', 'Business Loan', 'Credit Card']"
42,"['Savings A/c', 'Personal Loan', 'Investment']"
43,['Investment']
44,"['Demat A/c', 'Personal Loan', 'Credit Card']"
45,"['Investment', 'Demat A/c', 'Personal Loan']"
46,"['Business Loan', 'Personal Loan']"
47,['Demat A/c']
48,"['Savings A/c', 'Credit Card', 'Demat A/c']"
49,"['Business Loan', 'Personal Loan', 'Credit Card']"
50,"['Demat A/c', 'Credit Card']"
51,['Investment']
52,"['Credit Card', 'Demat A/c', 'Personal Loan', 'Investment']"
53,"['Demat A/c', 'Personal Loan', 'Business Loan', 'Savings A/c']"
54,"['Personal Loan', 'Demat A/c', 'Investment', 'Business Loan']"
55,"['Savings A/c', 'Business Loan', 'Investment']"
56,"['Credit Card', 'Personal Loan', 'Demat A/c', 'Investment']"
57,"['Credit Card', 'Demat A/c', 'Personal Loan']"
58,"['Credit Card', 'Investment']"
59,['Personal Loan']
60,['Credit Card']
61,"['Credit Card', 'Demat A/c', 'Personal Loan']"
62,"['Investment', 'Savings A/c', 'Personal Loan']"
63,"['Investment', 'Demat A/c']"
64,"['Personal Loan', 'Savings A/c', 'Demat A/c', 'Credit Card']"
65,['Credit Card']
66,"['Business Loan', 'Savings A/c', 'Demat A/c', 'Personal Loan']"
67,['Investment']
68,['Credit Card']
69,"['Investment', 'Business Loan', 'Credit Card', 'Savings A/c']"
70,"['Personal Loan', 'Demat A/c']"
71,"['Personal Loan', 'Savings A/c', 'Investment', 'Demat A/c']"
72,"['Personal Loan', 'Credit Card', 'Savings A/c', 'Business Loan']"
73,['Credit Card']
74,['Credit Card']
75,"['Personal Loan', 'Savings A/c']"
76,"['Savings A/c', 'Personal Loan', 'Investment', 'Credit Card']"
77,"['Savings A/c', 'Credit Card']"
78,"['Business Loan', 'Savings A/c', 'Investment', 'Personal Loan']"
79,"['Personal Loan', 'Investment', 'Business Loan', 'Credit Card']"
80,['Demat A/c']
81,['Investment']
82,"['Credit Card', 'Investment', 'Savings A/c']"
83,"['Credit Card', 'Demat A/c']"
84,['Personal Loan']
85,['Demat A/c']
86,['Investment']
87,"['Savings A/c', 'Credit Card']"
88,"['Demat A/c', 'Investment']"
89,['Demat A/c']
90,['Savings A/c']
91,"['Business Loan', 'Personal Loan', 'Investment']"
92,"['Business Loan', 'Savings A/c']"
93,"['Investment', 'Business Loan']"
94,"['Business Loan', 'Credit Card', 'Demat A/c', 'Personal Loan']"
95,['Credit Card']
96,"['Demat A/c', 'Business Loan']"
97,"['Business Loan', 'Credit Card']"
98,"['Business Loan', 'Investment']"
99,"['Savings A/c', 'Demat A/c']"
100,"['Demat A/c', 'Investment', 'Credit Card']"
101,"['Investment', 'Credit Card', 'Personal Loan']"
102,"['Credit Card', 'Investment', 'Personal Loan']"
103,"['Business Loan', 'Demat A/c', 'Personal Loan']"
104,"['Personal Loan', 'Business Loan', 'Savings A/c']"
105,"['Credit Card', 'Investment', 'Savings A/c']"
106,"['Credit Card', 'Investment', 'Business Loan']"
107,"['Investment', 'Business Loan']"
108,"['Investment', 'Savings A/c']"
109,"['Demat A/c', 'Credit Card', 'Investment', 'Savings A/c']"
110,"['Demat A/c', 'Credit Card']"
111,"['Demat A/c', 'Investment', 'Personal Loan']"
112,"['Personal Loan', 'Credit Card', 'Business Loan', 'Investment']"
113,['Business Loan']
114,"['Investment', 'Personal Loan']"
115,['Business Loan']
116,"['Demat A/c', 'Personal Loan', 'Investment', 'Credit Card']"
117,"['Savings A/c', 'Credit Card']"
118,"['Investment', 'Business Loan']"
119,"['Investment', 'Personal Loan', 'Business Loan', 'Credit Card']"
120,['Savings A/c']
121,['Savings A/c']
122,"['Personal Loan', 'Savings A/c']"
123,"['Business Loan', 'Personal Loan', 'Demat A/c']"
124,['Investment']
125,"['Savings A/c', 'Business Loan']"
126,"['Credit Card', 'Business Loan', 'Demat A/c']"
127,"['Investment', 'Demat A/c', 'Business Loan', 'Credit Card']"
128,['Business Loan']
129,"['Demat A/c', 'Business Loan']"
130,['Credit Card']
131,"['Business Loan', 'Investment', 'Savings A/c', 'Demat A/c']"
132,['Savings A/c']
133,"['Business Loan', 'Credit Card']"
134,"['Credit Card', 'Demat A/c', 'Personal Loan', 'Savings A/c']"
135,"['Credit Card', 'Business Loan', 'Demat A/c', 'Savings A/c']"
136,['Investment']
137,"['Demat A/c', 'Business Loan', 'Savings A/c']"
138,"['Savings A/c', 'Business Loan', 'Personal Loan']"
139,"['Savings A/c', 'Investment']"
140,"['Demat A/c', 'Investment']"
141,"['Savings A/c', 'Demat A/c', 'Credit Card']"
142,"['Business Loan', 'Personal Loan', 'Savings A/c']"
143,"['Savings A/c', 'Investment', 'Demat A/c']"
144,"['Demat A/c', 'Savings A/c']"
145,"['Investment', 'Credit Card']"
146,"['Demat A/c', 'Investment', 'Business Loan']"
147,['Personal Loan']
148,"['Personal Loan', 'Investment', 'Demat A/c']"
149,['Credit Card']
150,"['Savings A/c', 'Demat A/c']"
151,['Savings A/c']
152,"['Investment', 'Demat A/c', 'Personal Loan', 'Business Loan']"
153,"['Savings A/c', 'Investment', 'Personal Loan', 'Credit Card']"
154,['Credit Card']
155,"['Personal Loan', 'Investment', 'Savings A/c', 'Credit Card']"
156,"['Credit Card', 'Savings A/c']"
157,"['Savings A/c', 'Demat A/c']"
158,"['Savings A/c', 'Demat A/c', 'Investment']"
159,"['Personal Loan', 'Savings A/c', 'Demat A/c', 'Investment']"
160,"['Investment', 'Business Loan']"
161,"['Investment', 'Personal Loan', 'Business Loan', 'Demat A/c']"
162,['Investment']
163,"['Personal Loan', 'Business Loan', 'Demat A/c']"
164,"['Demat A/c', 'Credit Card', 'Personal Loan']"
165,"['Personal Loan', 'Savings A/c']"
166,"['Investment', 'Personal Loan']"
167,['Savings A/c']
168,"['Business Loan', 'Demat A/c', 'Savings A/c', 'Personal Loan']"
169,['Personal Loan']
170,"['Savings A/c', 'Demat A/c', 'Credit Card', 'Business Loan']"
171,"['Savings A/c', 'Credit Card', 'Business Loan', 'Personal Loan']"
172,"['Savings A/c', 'Demat A/c', 'Personal Loan', 'Investment']"
173,"['Business Loan', 'Savings A/c']"
174,"['Credit Card', 'Savings A/c', 'Business Loan', 'Demat A/c']"
175,"['Investment', 'Personal Loan', 'Savings A/c', 'Credit Card']"
176,['Savings A/c']
177,['Credit Card']
178,"['Personal Loan', 'Savings A/c', 'Investment', 'Credit Card']"
179,"['Savings A/c', 'Business Loan', 'Personal Loan']"
180,"['Business Loan', 'Investment', 'Savings A/c', 'Personal Loan']"
181,"['Business Loan', 'Credit Card', 'Savings A/c', 'Demat A/c']"
182,['Business Loan']
183,"['Investment', 'Credit Card']"
184,['Credit Card']
185,"['Personal Loan', 'Credit Card']"
186,"['Personal Loan', 'Investment']"
187,"['Investment', 'Credit Card', 'Personal Loan', 'Savings A/c']"
188,"['Business Loan', 'Personal Loan', 'Credit Card']"
189,"['Business Loan', 'Credit Card']"
190,['Business Loan']
191,"['Savings A/c', 'Personal Loan', 'Credit Card', 'Business Loan']"
192,"['Credit Card', 'Business Loan']"
193,['Demat A/c']
194,['Business Loan']
195,"['Investment', 'Business Loan', 'Credit Card', 'Demat A/c']"
196,"['Credit Card', 'Savings A/c', 'Demat A/c']"
197,['Savings A/c']
198,"['Investment', 'Savings A/c', 'Personal Loan']"
199,"['Personal Loan', 'Demat A/c', 'Business Loan', 'Savings A/c']"
200,"['Savings A/c', 'Investment', 'Business Loan', 'Personal Loan']"
201,"['Credit Card', 'Business Loan']"
202,"['Personal Loan', 'Savings A/c', 'Demat A/c', 'Investment']"
203,['Savings A/c']
204,"['Personal Loan', 'Savings A/c', 'Investment']"
205,"['Business Loan', 'Investment', 'Demat A/c']"
206,"['Demat A/c', 'Credit Card', 'Personal Loan']"
207,['Personal Loan']
208,"['Savings A/c', 'Demat A/c', 'Personal Loan', 'Business Loan']"
209,"['Investment', 'Savings A/c', 'Demat A/c', 'Credit Card']"
210,['Business Loan']
211,"['Savings A/c', 'Personal Loan']"
212,"['Investment', 'Demat A/c', 'Business Loan']"
213,"['Demat A/c', 'Investment', 'Business Loan', 'Personal Loan']"
214,"['Business Loan', 'Savings A/c', 'Investment']"
215,"['Business Loan', 'Personal Loan', 'Credit Card']"
216,"['Business Loan', 'Credit Card']"
217,"['Personal Loan', 'Investment']"
218,"['Business Loan', 'Demat A/c', 'Investment', 'Credit Card']"
219,"['Business Loan', 'Personal Loan']"
220,"['Personal Loan', 'Business Loan', 'Credit Card']"
221,"['Business Loan', 'Credit Card']"
222,['Demat A/c']
223,"['Investment', 'Personal Loan', 'Savings A/c']"
224,['Credit Card']
225,"['Savings A/c', 'Investment', 'Demat A/c']"
226,"['Personal Loan', 'Credit Card', 'Business Loan']"
227,"['Credit Card', 'Investment', 'Savings A/c', 'Personal Loan']"
228,['Demat A/c']
229,['Personal Loan']
230,"['Demat A/c', 'Business Loan']"
231,['Personal Loan']
232,['Demat A/c']
233,"['Demat A/c', 'Investment', 'Personal Loan', 'Business Loan']"
234,"['Savings A/c', 'Investment', 'Business Loan', 'Demat A/c']"
235,"['Business Loan', 'Demat A/c', 'Credit Card', 'Investment']"
236,['Personal Loan']
237,"['Business Loan', 'Credit Card']"
238,"['Personal Loan', 'Investment']"
239,['Personal Loan']
240,['Savings A/c']
241,"['Investment', 'Demat A/c', 'Savings A/c', 'Personal Loan']"
242,['Personal Loan']
243,"['Investment', 'Business Loan', 'Savings A/c']"
244,['Investment']
245,"['Business Loan', 'Demat A/c']"
246,"['Savings A/c', 'Credit Card']"
247,"['Investment', 'Personal Loan']"
248,"['Personal Loan', 'Credit Card', 'Demat A/c']"
249,"['Business Loan', 'Demat A/c']"
250,"['Savings A/c', 'Credit Card', 'Investment']"
251,"['Investment', 'Savings A/c', 'Business Loan']"
252,"['Savings A/c', 'Credit Card', 'Demat A/c', 'Personal Loan']"
253,"['Demat A/c', 'Business Loan', 'Credit Card']"
254,['Personal Loan']
255,['Investment']
256,"['Demat A/c', 'Credit Card', 'Personal Loan']"
257,"['Demat A/c', 'Savings A/c', 'Business Loan', 'Credit Card']"
258,"['Investment', 'Savings A/c', 'Credit Card', 'Personal Loan']"
259,"['Savings A/c', 'Business Loan', 'Demat A/c']"
260,['Personal Loan']
261,"['Savings A/c', 'Investment', 'Business Loan']"
262,"['Demat A/c', 'Credit Card', 'Savings A/c', 'Investment']"
263,"['Business Loan', 'Investment', 'Credit Card']"
264,"['Demat A/c', 'Credit Card', 'Savings A/c', 'Personal Loan']"
265,['Personal Loan']
266,"['Demat A/c', 'Savings A/c', 'Investment']"
267,['Personal Loan']
268,"['Demat A/c', 'Personal Loan', 'Business Loan']"
269,"['Investment', 'Savings A/c', 'Credit Card', 'Demat A/c']"
270,"['Investment', 'Personal Loan']"
271,"['Demat A/c', 'Credit Card', 'Savings A/c']"
272,['Personal Loan']
273,['Savings A/c']
274,['Investment']
275,"['Savings A/c', 'Business Loan']"
276,"['Savings A/c', 'Investment', 'Demat A/c']"
277,"['Savings A/c', 'Demat A/c']"
278,"['Savings A/c', 'Personal Loan']"
279,"['Credit Card', 'Business Loan']"
280,"['Business Loan', 'Demat A/c', 'Investment', 'Credit Card']"
281,"['Investment', 'Business Loan', 'Savings A/c']"
282,"['Savings A/c', 'Demat A/c']"
283,"['Business Loan', 'Investment', 'Savings A/c', 'Personal Loan']"
284,"['Personal Loan', 'Investment', 'Savings A/c']"
285,"['Savings A/c', 'Credit Card']"
286,"['Investment', 'Savings A/c', 'Demat A/c']"
287,"['Investment', 'Personal Loan', 'Savings A/c', 'Credit Card']"
288,"['Demat A/c', 'Investment']"
289,"['Credit Card', 'Savings A/c', 'Investment']"
290,"['Credit Card', 'Personal Loan', 'Savings A/c', 'Business Loan']"
291,"['Credit Card', 'Savings A/c']"
292,"['Business Loan', 'Demat A/c', 'Savings A/c']"
293,['Business Loan']
294,"['Business Loan', 'Savings A/c', 'Credit Card', 'Investment']"
295,['Personal Loan']
296,"['Personal Loan', 'Credit Card', 'Savings A/c']"
297,['Investment']
298,['Savings A/c']
299,"['Investment', 'Business Loan']"
300,['Credit Card']
301,"['Credit Card', 'Business Loan', 'Demat A/c']"
302,"['Savings A/c', 'Personal Loan', 'Demat A/c']"
303,"['Demat A/c', 'Personal Loan', 'Investment', 'Credit Card']"
304,['Demat A/c']
305,"['Demat A/c', 'Personal Loan', 'Savings A/c', 'Business Loan']"
306,"['Personal Loan', 'Savings A/c']"
307,"['Savings A/c', 'Business Loan', 'Credit Card']"
308,"['Business Loan', 'Demat A/c', 'Personal Loan', 'Credit Card']"
309,"['Business Loan', 'Demat A/c', 'Investment', 'Savings A/c']"
310,"['Investment', 'Business Loan', 'Savings A/c', 'Personal Loan']"
311,"['Savings A/c', 'Investment']"
312,['Personal Loan']
313,"['Demat A/c', 'Business Loan', 'Investment', 'Savings A/c']"
314,"['Credit Card', 'Savings A/c', 'Business Loan']"
315,['Demat A/c']
316,['Demat A/c']
317,"['Business Loan', 'Personal Loan', 'Investment', 'Credit Card']"
318,"['Demat A/c', 'Business Loan']"
319,"['Investment', 'Credit Card']"
320,['Business Loan']
321,"['Credit Card', 'Demat A/c', 'Business Loan', 'Savings A/c']"
322,"['Credit Card', 'Business Loan']"
323,"['Investment', 'Savings A/c', 'Personal Loan']"
324,"['Personal Loan', 'Demat A/c']"
325,"['Demat A/c', 'Investment', 'Business Loan']"
326,"['Business Loan', 'Savings A/c']"
327,"['Investment', 'Business Loan', 'Credit Card']"
328,"['Credit Card', 'Personal Loan', 'Demat A/c', 'Business Loan']"
329,"['Demat A/c', 'Business Loan', 'Credit Card', 'Personal Loan']"
330,['Business Loan']
331,['Savings A/c']
332,"['Investment', 'Business Loan', 'Savings A/c']"
333,"['Credit Card', 'Personal Loan', 'Savings A/c']"
334,['Demat A/c']
335,"['Demat A/c', 'Personal Loan', 'Credit Card']"
336,"['Investment', 'Business Loan', 'Savings A/c', 'Credit Card']"
337,"['Credit Card', 'Investment']"
338,"['Savings A/c', 'Credit Card', 'Demat A/c']"
339,"['Demat A/c', 'Personal Loan']"
340,"['Savings A/c', 'Business Loan', 'Investment', 'Demat A/c']"
341,"['Savings A/c', 'Credit Card']"
342,"['Demat A/c', 'Savings A/c', 'Business Loan', 'Credit Card']"
343,"['Personal Loan', 'Savings A/c', 'Demat A/c']"
344,"['Business Loan', 'Credit Card']"
345,"['Demat A/c', 'Business Loan', 'Credit Card']"
346,"['Business Loan', 'Personal Loan', 'Credit Card', 'Demat A/c']"
347,['Investment']
348,"['Investment', 'Demat A/c']"
349,['Credit Card']
350,"['Personal Loan', 'Investment', 'Demat A/c']"
351,['Demat A/c']
352,"['Demat A/c', 'Personal Loan']"
353,"['Business Loan', 'Personal Loan']"
354,['Business Loan']
355,"['Personal Loan', 'Demat A/c']"
356,"['Personal Loan', 'Credit Card', 'Demat A/c']"
357,"['Credit Card', 'Business Loan']"
358,"['Demat A/c', 'Business Loan']"
359,['Personal Loan']
360,"['Credit Card', 'Personal Loan', 'Savings A/c']"
361,['Investment']
362,['Savings A/c']
363,"['Business Loan', 'Demat A/c', 'Credit Card', 'Personal Loan']"
364,"['Demat A/c', 'Credit Card']"
365,"['Savings A/c', 'Credit Card', 'Demat A/c']"
366,"['Savings A/c', 'Investment', 'Credit Card', 'Personal Loan']"
367,"['Credit Card', 'Investment', 'Business Loan', 'Savings A/c']"
368,"['Credit Card', 'Personal Loan']"
369,"['Demat A/c', 'Investment', 'Business Loan']"
370,"['Demat A/c', 'Investment', 'Business Loan', 'Personal Loan']"
371,"['Credit Card', 'Investment', 'Personal Loan', 'Savings A/c']"
372,"['Personal Loan', 'Savings A/c', 'Business Loan', 'Investment']"
373,"['Savings A/c', 'Credit Card', 'Business Loan', 'Personal Loan']"
374,"['Investment', 'Business Loan', 'Demat A/c']"
375,"['Investment', 'Savings A/c']"
376,['Credit Card']
377,['Credit Card']
378,"['Credit Card', 'Business Loan', 'Personal Loan', 'Demat A/c']"
379,['Demat A/c']
380,"['Investment', 'Credit Card', 'Savings A/c']"
381,"['Investment', 'Savings A/c', 'Credit Card']"
382,"['Demat A/c', 'Business Loan', 'Investment']"
383,['Demat A/c']
384,"['Personal Loan', 'Savings A/c']"
385,"['Credit Card', 'Business Loan']"
386,"['Credit Card', 'Business Loan', 'Personal Loan']"
387,"['Demat A/c', 'Investment', 'Credit Card', 'Business Loan']"
388,"['Credit Card', 'Personal Loan', 'Business Loan']"
389,"['Business Loan', 'Investment', 'Credit Card']"
390,"['Personal Loan', 'Demat A/c']"
391,"['Credit Card', 'Personal Loan', 'Investment', 'Savings A/c']"
392,"['Savings A/c', 'Investment']"
393,"['Business Loan', 'Personal Loan', 'Investment', 'Demat A/c']"
394,"['Demat A/c', 'Investment', 'Credit Card']"
395,['Personal Loan']
396,"['Demat A/c', 'Credit Card']"
397,['Business Loan']
398,"['Investment', 'Savings A/c', 'Demat A/c', 'Business Loan']"
399,"['Savings A/c', 'Business Loan', 'Personal Loan', 'Demat A/c']"
400,['Business Loan']
401,"['Credit Card', 'Business Loan', 'Savings A/c', 'Demat A/c']"
402,"['Credit Card', 'Personal Loan', 'Savings A/c']"
403,['Credit Card']
404,"['Business Loan', 'Personal Loan']"
405,"['Business Loan', 'Investment']"
406,"['Credit Card', 'Investment', 'Savings A/c']"
407,"['Personal Loan', 'Investment', 'Savings A/c', 'Business Loan']"
408,"['Demat A/c', 'Investment']"
409,"['Credit Card', 'Savings A/c', 'Investment']"
410,"['Credit Card', 'Savings A/c', 'Investment', 'Personal Loan']"
411,"['Demat A/c', 'Savings A/c', 'Investment', 'Personal Loan']"
412,['Savings A/c']
413,['Business Loan']
414,"['Demat A/c', 'Savings A/c']"
415,"['Credit Card', 'Savings A/c', 'Investment']"
416,"['Savings A/c', 'Demat A/c']"
417,"['Demat A/c', 'Credit Card', 'Savings A/c', 'Personal Loan']"
418,"['Personal Loan', 'Business Loan', 'Investment']"
419,['Demat A/c']
420,['Demat A/c']
421,"['Business Loan', 'Investment']"
422,"['Personal Loan', 'Credit Card']"
423,"['Business Loan', 'Personal Loan']"
424,"['Demat A/c', 'Personal Loan']"
425,['Personal Loan']
426,"['Savings A/c', 'Demat A/c', 'Investment', 'Business Loan']"
427,"['Investment', 'Business Loan', 'Personal Loan']"
428,"['Credit Card', 'Savings A/c', 'Demat A/c', 'Business Loan']"
429,"['Business Loan', 'Demat A/c', 'Credit Card']"
430,"['Demat A/c', 'Credit Card', 'Business Loan']"
431,"['Savings A/c', 'Credit Card', 'Demat A/c', 'Personal Loan']"
432,"['Credit Card', 'Investment', 'Savings A/c']"
433,"['Demat A/c', 'Investment', 'Credit Card', 'Personal Loan']"
434,"['Business Loan', 'Demat A/c']"
435,"['Demat A/c', 'Personal Loan', 'Credit Card', 'Investment']"
436,['Business Loan']
437,['Demat A/c']
438,"['Credit Card', 'Personal Loan']"
439,"['Savings A/c', 'Demat A/c', 'Personal Loan', 'Investment']"
440,"['Business Loan', 'Savings A/c', 'Demat A/c']"
441,"['Investment', 'Demat A/c', 'Credit Card']"
442,"['Credit Card', 'Business Loan', 'Investment']"
443,"['Business Loan', 'Investment', 'Personal Loan', 'Savings A/c']"
444,['Demat A/c']
445,"['Business Loan', 'Investment']"
446,"['Personal Loan', 'Demat A/c', 'Credit Card', 'Investment']"
447,"['Investment', 'Business Loan', 'Personal Loan', 'Demat A/c']"
448,['Investment']
449,"['Demat A/c', 'Business Loan', 'Credit Card', 'Personal Loan']"
450,"['Personal Loan', 'Investment', 'Business Loan']"
451,"['Personal Loan', 'Investment', 'Demat A/c', 'Credit Card']"
452,['Business Loan']
453,['Demat A/c']
454,['Investment']
455,"['Demat A/c', 'Personal Loan', 'Savings A/c']"
456,"['Personal Loan', 'Investment']"
457,"['Investment', 'Savings A/c']"
458,['Savings A/c']
459,"['Investment', 'Personal Loan', 'Savings A/c']"
460,"['Investment', 'Savings A/c', 'Personal Loan']"
461,"['Business Loan', 'Savings A/c']"
462,"['Business Loan', 'Demat A/c']"
463,"['Savings A/c', 'Business Loan', 'Investment', 'Demat A/c']"
464,"['Personal Loan', 'Investment', 'Demat A/c', 'Savings A/c']"
465,['Investment']
466,"['Business Loan', 'Demat A/c', 'Credit Card', 'Investment']"
467,['Business Loan']
468,['Personal Loan']
469,"['Savings A/c', 'Demat A/c', 'Personal Loan']"
470,"['Credit Card', 'Personal Loan', 'Savings A/c', 'Demat A/c']"
471,['Savings A/c']
472,['Savings A/c']
473,"['Personal Loan', 'Savings A/c', 'Credit Card']"
474,"['Personal Loan', 'Credit Card', 'Business Loan']"
475,['Investment']
476,"['Personal Loan', 'Investment', 'Credit Card']"
477,"['Savings A/c', 'Personal Loan', 'Investment']"
478,"['Demat A/c', 'Credit Card', 'Investment', 'Savings A/c']"
479,"['Personal Loan', 'Investment', 'Savings A/c']"
480,['Business Loan']
481,"['Business Loan', 'Credit Card']"
482,['Personal Loan']
483,"['Investment', 'Demat A/c', 'Savings A/c', 'Credit Card']"
484,['Savings A/c']
485,['Investment']
486,"['Investment', 'Personal Loan']"
487,"['Savings A/c', 'Credit Card', 'Business Loan']"
488,"['Demat A/c', 'Savings A/c']"
489,"['Investment', 'Credit Card']"
490,"['Credit Card', 'Demat A/c', 'Investment']"
491,"['Savings A/c', 'Credit Card', 'Investment', 'Personal Loan']"
492,"['Investment', 'Credit Card', 'Business Loan']"
493,['Business Loan']
494,"['Investment', 'Credit Card']"
495,"['Personal Loan', 'Credit Card', 'Business Loan']"
496,"['Investment', 'Personal Loan', 'Savings A/c']"
497,"['Investment', 'Personal Loan', 'Demat A/c', 'Credit Card']"
498,"['Credit Card', 'Business Loan', 'Personal Loan', 'Investment']"
499,"['Credit Card', 'Business Loan']"
500,"['Demat A/c', 'Savings A/c', 'Investment']"
501,"['Credit Card', 'Personal Loan', 'Business Loan']"
502,"['Credit Card', 'Business Loan', 'Demat A/c']"
503,['Business Loan']
504,"['Savings A/c', 'Investment', 'Demat A/c', 'Personal Loan']"
505,"['Savings A/c', 'Investment']"
506,"['Demat A/c', 'Business Loan', 'Credit Card']"
507,"['Credit Card', 'Savings A/c', 'Personal Loan', 'Business Loan']"
508,"['Business Loan', 'Credit Card', 'Demat A/c']"
509,"['Investment', 'Business Loan', 'Demat A/c']"
510,"['Demat A/c', 'Savings A/c', 'Personal Loan', 'Business Loan']"
511,"['Business Loan', 'Savings A/c', 'Credit Card', 'Investment']"
512,"['Demat A/c', 'Savings A/c', 'Business Loan']"
513,['Credit Card']
514,"['Business Loan', 'Demat A/c', 'Personal Loan', 'Credit Card']"
515,"['Demat A/c', 'Savings A/c']"
516,['Personal Loan']
517,['Personal Loan']
518,"['Business Loan', 'Savings A/c', 'Credit Card']"
519,"['Investment', 'Savings A/c']"
520,"['Business Loan', 'Savings A/c', 'Credit Card']"
521,"['Demat A/c', 'Business Loan']"
522,"['Business Loan', 'Investment', 'Personal Loan', 'Credit Card']"
523,['Investment']
524,"['Savings A/c', 'Demat A/c']"
525,"['Demat A/c', 'Credit Card', 'Business Loan', 'Personal Loan']"
526,"['Personal Loan', 'Demat A/c', 'Business Loan', 'Savings A/c']"
527,"['Personal Loan', 'Credit Card', 'Investment', 'Demat A/c']"
528,"['Personal Loan', 'Savings A/c', 'Credit Card', 'Business Loan']"
529,"['Investment', 'Business Loan', 'Credit Card']"
530,"['Business Loan', 'Personal Loan', 'Demat A/c']"
531,"['Demat A/c', 'Personal Loan', 'Credit Card']"
532,"['Personal Loan', 'Investment']"
533,"['Credit Card', 'Business Loan', 'Demat A/c', 'Personal Loan']"
534,"['Demat A/c', 'Credit Card']"
535,['Business Loan']
536,"['Investment', 'Savings A/c', 'Demat A/c', 'Personal Loan']"
537,['Personal Loan']
538,"['Investment', 'Credit Card', 'Savings A/c']"
539,"['Investment', 'Demat A/c', 'Business Loan', 'Credit Card']"
540,"['Personal Loan', 'Savings A/c']"
541,['Credit Card']
542,"['Business Loan', 'Personal Loan']"
543,"['Business Loan', 'Personal Loan']"
544,"['Demat A/c', 'Business Loan', 'Credit Card']"
545,"['Personal Loan', 'Demat A/c', 'Business Loan']"
546,"['Investment', 'Business Loan']"
547,['Demat A/c']
548,"['Demat A/c', 'Investment']"
549,"['Personal Loan', 'Demat A/c']"
550,"['Demat A/c', 'Credit Card', 'Investment']"
551,['Credit Card']
552,"['Investment', 'Personal Loan', 'Savings A/c']"
553,['Savings A/c']
554,"['Investment', 'Business Loan', 'Savings A/c']"
555,"['Investment', 'Savings A/c']"
556,"['Savings A/c', 'Credit Card', 'Demat A/c']"
557,"['Savings A/c', 'Investment']"
558,"['Savings A/c', 'Personal Loan', 'Business Loan', 'Investment']"
559,"['Business Loan', 'Investment']"
560,"['Savings A/c', 'Personal Loan', 'Business Loan']"
561,['Business Loan']
562,"['Savings A/c', 'Credit Card']"
563,"['Savings A/c', 'Personal Loan', 'Demat A/c']"
564,['Credit Card']
565,"['Savings A/c', 'Demat A/c', 'Investment']"
566,"['Personal Loan', 'Business Loan']"
567,"['Personal Loan', 'Investment', 'Savings A/c']"
568,"['Savings A/c', 'Business Loan', 'Investment', 'Credit Card']"
569,['Savings A/c']
570,"['Personal Loan', 'Investment', 'Business Loan', 'Credit Card']"
571,['Business Loan']
572,"['Demat A/c', 'Savings A/c', 'Business Loan', 'Investment']"
573,['Credit Card']
574,"['Personal Loan', 'Business Loan', 'Demat A/c', 'Investment']"
575,"['Credit Card', 'Savings A/c', 'Investment']"
576,"['Business Loan', 'Demat A/c']"
577,"['Credit Card', 'Savings A/c', 'Demat A/c']"
578,"['Demat A/c', 'Investment', 'Credit Card']"
579,"['Credit Card', 'Savings A/c']"
580,"['Business Loan', 'Demat A/c', 'Investment']"
581,"['Personal Loan', 'Demat A/c']"
582,"['Demat A/c', 'Credit Card', 'Investment', 'Savings A/c']"
583,"['Investment', 'Business Loan']"
584,"['Demat A/c', 'Savings A/c', 'Personal Loan', 'Business Loan']"
585,"['Business Loan', 'Demat A/c']"
586,"['Personal Loan', 'Savings A/c', 'Business Loan']"
587,"['Demat A/c', 'Investment', 'Savings A/c']"
588,"['Savings A/c', 'Credit Card', 'Business Loan']"
589,"['Investment', 'Credit Card', 'Savings A/c']"
590,"['Investment', 'Credit Card', 'Savings A/c']"
591,"['Investment', 'Demat A/c', 'Personal Loan']"
592,['Demat A/c']
593,"['Personal Loan', 'Demat A/c', 'Savings A/c', 'Credit Card']"
594,"['Credit Card', 'Demat A/c']"
595,['Personal Loan']
596,['Savings A/c']
597,"['Savings A/c', 'Personal Loan', 'Investment']"
598,"['Savings A/c', 'Demat A/c']"
599,"['Investment', 'Credit Card', 'Personal Loan', 'Business Loan']"
600,"['Demat A/c', 'Business Loan']"
601,"['Demat A/c', 'Savings A/c', 'Business Loan', 'Credit Card']"
602,"['Demat A/c', 'Business Loan', 'Investment', 'Savings A/c']"
603,"['Demat A/c', 'Savings A/c', 'Personal Loan']"
604,"['Business Loan', 'Demat A/c']"
605,"['Personal Loan', 'Business Loan', 'Demat A/c']"
606,"['Investment', 'Savings A/c']"
607,"['Savings A/c', 'Business Loan', 'Demat A/c']"
608,"['Credit Card', 'Demat A/c', 'Savings A/c']"
609,"['Business Loan', 'Personal Loan', 'Investment', 'Credit Card']"
610,"['Investment', 'Credit Card', 'Business Loan']"
611,"['Investment', 'Business Loan', 'Savings A/c', 'Credit Card']"
612,"['Demat A/c', 'Business Loan']"
613,"['Personal Loan', 'Credit Card', 'Investment']"
614,"['Credit Card', 'Demat A/c']"
615,"['Investment', 'Personal Loan']"
616,['Credit Card']
617,"['Business Loan', 'Savings A/c', 'Credit Card', 'Investment']"
618,"['Credit Card', 'Demat A/c']"
619,"['Savings A/c', 'Investment']"
620,"['Investment', 'Personal Loan', 'Business Loan', 'Demat A/c']"
621,"['Investment', 'Credit Card', 'Demat A/c']"
622,"['Demat A/c', 'Credit Card']"
623,"['Savings A/c', 'Personal Loan']"
624,['Savings A/c']
625,"['Personal Loan', 'Business Loan', 'Credit Card', 'Savings A/c']"
626,"['Demat A/c', 'Investment', 'Credit Card']"
627,"['Business Loan', 'Savings A/c', 'Demat A/c']"
628,"['Demat A/c', 'Savings A/c']"
629,"['Personal Loan', 'Credit Card', 'Business Loan']"
630,"['Investment', 'Savings A/c']"
631,"['Investment', 'Personal Loan', 'Credit Card']"
632,"['Business Loan', 'Demat A/c', 'Personal Loan']"
633,"['Demat A/c', 'Savings A/c']"
634,"['Demat A/c', 'Business Loan', 'Credit Card', 'Personal Loan']"
635,['Personal Loan']
636,"['Savings A/c', 'Business Loan']"
637,"['Credit Card', 'Business Loan']"
638,"['Personal Loan', 'Savings A/c', 'Business Loan', 'Investment']"
639,"['Demat A/c', 'Investment', 'Credit Card']"
640,"['Investment', 'Business Loan', 'Personal Loan']"
641,['Investment']
642,['Savings A/c']
643,"['Personal Loan', 'Savings A/c', 'Business Loan']"
644,['Investment']
645,"['Business Loan', 'Demat A/c', 'Personal Loan']"
646,"['Personal Loan', 'Savings A/c']"
647,"['Savings A/c', 'Demat A/c']"
648,"['Savings A/c', 'Demat A/c', 'Investment']"
649,"['Personal Loan', 'Demat A/c']"
650,['Demat A/c']
651,"['Demat A/c', 'Business Loan', 'Credit Card', 'Investment']"
652,['Credit Card']
653,"['Demat A/c', 'Investment']"
654,"['Personal Loan', 'Business Loan']"
655,"['Credit Card', 'Personal Loan', 'Savings A/c', 'Investment']"
656,"['Credit Card', 'Savings A/c', 'Personal Loan', 'Business Loan']"
657,"['Savings A/c', 'Demat A/c', 'Credit Card', 'Business Loan']"
658,"['Investment', 'Business Loan', 'Credit Card', 'Personal Loan']"
659,"['Credit Card', 'Personal Loan', 'Investment']"
660,['Savings A/c']
661,"['Investment', 'Credit Card', 'Demat A/c']"
662,['Savings A/c']
663,['Business Loan']
664,"['Personal Loan', 'Investment', 'Savings A/c', 'Demat A/c']"
665,"['Savings A/c', 'Investment', 'Demat A/c', 'Credit Card']"
666,"['Investment', 'Business Loan']"
667,['Personal Loan']
668,"['Demat A/c', 'Personal Loan', 'Investment', 'Credit Card']"
669,['Business Loan']
670,"['Investment', 'Demat A/c', 'Savings A/c', 'Business Loan']"
671,"['Personal Loan', 'Investment', 'Savings A/c', 'Demat A/c']"
672,"['Business Loan', 'Personal Loan']"
673,['Credit Card']
674,"['Demat A/c', 'Credit Card', 'Personal Loan', 'Investment']"
675,['Credit Card']
676,['Savings A/c']
677,['Personal Loan']
678,['Savings A/c']
679,"['Personal Loan', 'Demat A/c', 'Investment', 'Credit Card']"
680,"['Demat A/c', 'Business Loan']"
681,"['Investment', 'Demat A/c']"
682,"['Demat A/c', 'Investment', 'Business Loan']"
683,"['Business Loan', 'Personal Loan']"
684,"['Savings A/c', 'Business Loan']"
685,"['Credit Card', 'Demat A/c', 'Personal Loan']"
686,"['Demat A/c', 'Savings A/c', 'Credit Card', 'Personal Loan']"
687,"['Demat A/c', 'Business Loan', 'Savings A/c', 'Personal Loan']"
688,"['Business Loan', 'Savings A/c']"
689,"['Demat A/c', 'Savings A/c']"
690,"['Personal Loan', 'Business Loan']"
691,"['Savings A/c', 'Credit Card']"
692,"['Savings A/c', 'Demat A/c', 'Personal Loan', 'Investment']"
693,"['Business Loan', 'Personal Loan']"
694,"['Investment', 'Credit Card', 'Savings A/c']"
695,"['Credit Card', 'Demat A/c', 'Personal Loan']"
696,['Business Loan']
697,"['Investment', 'Demat A/c', 'Credit Card', 'Savings A/c']"
698,"['Demat A/c', 'Investment']"
699,"['Savings A/c', 'Personal Loan']"
700,"['Business Loan', 'Credit Card', 'Personal Loan']"
701,"['Investment', 'Credit Card']"
702,"['Personal Loan', 'Demat A/c', 'Investment', 'Savings A/c']"
703,"['Demat A/c', 'Business Loan']"
704,"['Savings A/c', 'Investment', 'Business Loan']"
705,"['Business Loan', 'Investment', 'Savings A/c']"
706,"['Credit Card', 'Savings A/c', 'Business Loan', 'Investment']"
707,"['Business Loan', 'Savings A/c', 'Credit Card']"
708,"['Investment', 'Personal Loan']"
709,['Business Loan']
710,"['Business Loan', 'Personal Loan', 'Demat A/c', 'Savings A/c']"
711,"['Savings A/c', 'Demat A/c']"
712,"['Savings A/c', 'Demat A/c']"
713,"['Business Loan', 'Savings A/c', 'Demat A/c']"
714,"['Personal Loan', 'Business Loan', 'Investment', 'Credit Card']"
715,"['Personal Loan', 'Demat A/c', 'Credit Card', 'Business Loan']"
716,['Credit Card']
717,['Credit Card']
718,"['Personal Loan', 'Investment', 'Credit Card', 'Business Loan']"
719,"['Credit Card', 'Personal Loan']"
720,"['Business Loan', 'Credit Card', 'Savings A/c', 'Investment']"
721,"['Credit Card', 'Investment', 'Savings A/c', 'Demat A/c']"
722,['Demat A/c']
723,"['Demat A/c', 'Business Loan', 'Credit Card']"
724,"['Personal Loan', 'Credit Card', 'Demat A/c', 'Business Loan']"
725,"['Personal Loan', 'Investment']"
726,"['Business Loan', 'Investment', 'Savings A/c']"
727,['Business Loan']
728,"['Savings A/c', 'Demat A/c', 'Personal Loan', 'Business Loan']"
729,"['Business Loan', 'Credit Card']"
730,['Credit Card']
731,"['Savings A/c', 'Investment', 'Demat A/c', 'Credit Card']"
732,['Investment']
733,"['Credit Card', 'Savings A/c']"
734,"['Investment', 'Business Loan', 'Credit Card', 'Demat A/c']"
735,['Personal Loan']
736,"['Investment', 'Demat A/c']"
737,"['Business Loan', 'Credit Card', 'Demat A/c', 'Investment']"
738,"['Demat A/c', 'Investment', 'Credit Card']"
739,"['Business Loan', 'Credit Card']"
740,"['Demat A/c', 'Personal Loan']"
741,"['Credit Card', 'Business Loan', 'Personal Loan', 'Demat A/c']"
742,"['Demat A/c', 'Savings A/c']"
743,"['Savings A/c', 'Personal Loan', 'Credit Card']"
744,"['Credit Card', 'Investment', 'Savings A/c']"
745,"['Credit Card', 'Business Loan']"
746,"['Business Loan', 'Credit Card', 'Investment', 'Personal Loan']"
747,"['Personal Loan', 'Business Loan', 'Savings A/c', 'Investment']"
748,"['Investment', 'Demat A/c']"
749,"['Credit Card', 'Demat A/c', 'Business Loan', 'Investment']"
750,['Credit Card']
751,"['Personal Loan', 'Savings A/c', 'Investment']"
752,"['Business Loan', 'Investment', 'Credit Card', 'Savings A/c']"
753,['Business Loan']
754,"['Business Loan', 'Investment', 'Credit Card', 'Savings A/c']"
755,['Personal Loan']
756,"['Savings A/c', 'Demat A/c', 'Investment', 'Credit Card']"
757,['Credit Card']
758,"['Demat A/c', 'Credit Card', 'Business Loan']"
759,"['Credit Card', 'Business Loan', 'Savings A/c', 'Personal Loan']"
760,['Investment']
761,"['Demat A/c', 'Investment']"
762,"['Investment', 'Savings A/c']"
763,"['Personal Loan', 'Business Loan']"
764,"['Business Loan', 'Savings A/c', 'Personal Loan']"
765,['Personal Loan']
766,"['Business Loan', 'Savings A/c', 'Investment', 'Personal Loan']"
767,['Business Loan']
768,"['Personal Loan', 'Savings A/c', 'Investment']"
769,"['Credit Card', 'Personal Loan', 'Business Loan', 'Investment']"
770,"['Business Loan', 'Demat A/c', 'Savings A/c', 'Personal Loan']"
771,"['Business Loan', 'Savings A/c', 'Personal Loan', 'Demat A/c']"
772,"['Demat A/c', 'Personal Loan', 'Savings A/c']"
773,"['Personal Loan', 'Savings A/c', 'Business Loan']"
774,"['Investment', 'Savings A/c', 'Personal Loan']"
775,"['Savings A/c', 'Business Loan', 'Investment']"
776,"['Credit Card', 'Demat A/c', 'Personal Loan']"
777,"['Investment', 'Demat A/c']"
778,['Investment']
779,"['Investment', 'Personal Loan', 'Savings A/c', 'Demat A/c']"
780,['Savings A/c']
781,"['Personal Loan', 'Business Loan', 'Investment', 'Savings A/c']"
782,"['Investment', 'Savings A/c']"
783,"['Credit Card', 'Savings A/c', 'Demat A/c', 'Business Loan']"
784,"['Demat A/c', 'Investment', 'Savings A/c', 'Business Loan']"
785,['Business Loan']
786,['Credit Card']
787,"['Investment', 'Business Loan']"
788,"['Investment', 'Demat A/c']"
789,['Demat A/c']
790,"['Business Loan', 'Savings A/c', 'Credit Card', 'Demat A/c']"
791,['Business Loan']
792,"['Demat A/c', 'Investment']"
793,"['Savings A/c', 'Business Loan']"
794,"['Savings A/c', 'Demat A/c', 'Personal Loan', 'Investment']"
795,['Savings A/c']
796,['Business Loan']
797,"['Credit Card', 'Investment', 'Personal Loan', 'Savings A/c']"
798,"['Business Loan', 'Savings A/c', 'Personal Loan']"
799,"['Business Loan', 'Savings A/c', 'Credit Card', 'Personal Loan']"
800,"['Business Loan', 'Credit Card', 'Investment', 'Demat A/c']"
801,['Credit Card']
802,"['Investment', 'Credit Card', 'Personal Loan']"
803,"['Demat A/c', 'Personal Loan']"
804,"['Business Loan', 'Demat A/c']"
805,"['Savings A/c', 'Personal Loan', 'Investment', 'Business Loan']"
806,"['Personal Loan', 'Savings A/c']"
807,"['Credit Card', 'Demat A/c', 'Personal Loan', 'Savings A/c']"
808,"['Savings A/c', 'Credit Card', 'Personal Loan', 'Demat A/c']"
809,"['Investment', 'Credit Card', 'Demat A/c']"
810,"['Business Loan', 'Investment']"
811,"['Savings A/c', 'Credit Card']"
812,"['Investment', 'Savings A/c', 'Business Loan']"
813,"['Demat A/c', 'Savings A/c', 'Credit Card', 'Personal Loan']"
814,"['Savings A/c', 'Demat A/c', 'Personal Loan']"
815,"['Demat A/c', 'Investment', 'Credit Card']"
816,"['Business Loan', 'Credit Card']"
817,"['Business Loan', 'Credit Card']"
818,"['Business Loan', 'Personal Loan']"
819,"['Savings A/c', 'Demat A/c', 'Personal Loan', 'Business Loan']"
820,"['Savings A/c', 'Personal Loan', 'Investment', 'Business Loan']"
821,"['Demat A/c', 'Personal Loan']"
822,"['Business Loan', 'Personal Loan', 'Demat A/c', 'Savings A/c']"
823,"['Demat A/c', 'Credit Card', 'Business Loan', 'Investment']"
824,"['Personal Loan', 'Investment', 'Savings A/c', 'Business Loan']"
825,"['Savings A/c', 'Investment', 'Demat A/c', 'Business Loan']"
826,"['Savings A/c', 'Personal Loan', 'Credit Card', 'Business Loan']"
827,['Personal Loan']
828,"['Credit Card', 'Business Loan', 'Personal Loan']"
829,"['Personal Loan', 'Savings A/c', 'Demat A/c']"
830,['Demat A/c']
831,['Business Loan']
832,"['Demat A/c', 'Credit Card', 'Savings A/c']"
833,"['Savings A/c', 'Credit Card']"
834,"['Business Loan', 'Credit Card']"
835,"['Business Loan', 'Investment', 'Credit Card', 'Personal Loan']"
836,['Personal Loan']
837,"['Investment', 'Demat A/c']"
838,"['Investment', 'Demat A/c', 'Savings A/c']"
839,"['Demat A/c', 'Personal Loan']"
840,"['Personal Loan', 'Credit Card']"
841,"['Demat A/c', 'Business Loan', 'Personal Loan']"
842,"['Investment', 'Business Loan', 'Demat A/c']"
843,"['Demat A/c', 'Credit Card', 'Personal Loan']"
844,"['Credit Card', 'Business Loan', 'Personal Loan', 'Demat A/c']"
845,"['Personal Loan', 'Investment']"
846,"['Personal Loan', 'Savings A/c', 'Demat A/c']"
847,"['Demat A/c', 'Business Loan']"
848,"['Savings A/c', 'Investment', 'Credit Card', 'Business Loan']"
849,['Savings A/c']
850,"['Investment', 'Business Loan', 'Savings A/c']"
851,"['Business Loan', 'Demat A/c', 'Credit Card', 'Investment']"
852,['Investment']
853,"['Investment', 'Business Loan', 'Credit Card', 'Demat A/c']"
854,"['Personal Loan', 'Savings A/c', 'Investment', 'Demat A/c']"
855,"['Business Loan', 'Investment', 'Demat A/c']"
856,"['Demat A/c', 'Savings A/c']"
857,"['Investment', 'Credit Card', 'Demat A/c']"
858,['Investment']
859,"['Credit Card', 'Investment', 'Personal Loan', 'Savings A/c']"
860,"['Credit Card', 'Savings A/c', 'Personal Loan', 'Business Loan']"
861,"['Investment', 'Business Loan']"
862,"['Business Loan', 'Credit Card']"
863,"['Business Loan', 'Credit Card', 'Investment']"
864,"['Credit Card', 'Savings A/c']"
865,"['Investment', 'Personal Loan', 'Savings A/c']"
866,['Investment']
867,['Credit Card']
868,"['Savings A/c', 'Credit Card']"
869,"['Demat A/c', 'Personal Loan']"
870,"['Credit Card', 'Investment', 'Business Loan', 'Demat A/c']"
871,"['Investment', 'Personal Loan', 'Savings A/c', 'Credit Card']"
872,"['Savings A/c', 'Credit Card']"
873,['Credit Card']
874,"['Business Loan', 'Investment', 'Personal Loan']"
875,"['Personal Loan', 'Investment', 'Credit Card', 'Business Loan']"
876,['Demat A/c']
877,"['Savings A/c', 'Business Loan']"
878,"['Investment', 'Personal Loan']"
879,"['Demat A/c', 'Savings A/c', 'Personal Loan', 'Credit Card']"
880,['Personal Loan']
881,['Demat A/c']
882,"['Business Loan', 'Savings A/c', 'Investment', 'Credit Card']"
883,"['Business Loan', 'Credit Card']"
884,"['Demat A/c', 'Investment']"
885,"['Investment', 'Credit Card', 'Business Loan']"
886,"['Demat A/c', 'Investment']"
887,"['Investment', 'Savings A/c']"
888,"['Investment', 'Credit Card', 'Personal Loan']"
889,"['Savings A/c', 'Credit Card', 'Personal Loan', 'Investment']"
890,['Demat A/c']
891,['Business Loan']
892,"['Personal Loan', 'Savings A/c', 'Demat A/c']"
893,"['Demat A/c', 'Personal Loan', 'Savings A/c']"
894,['Credit Card']
895,['Credit Card']
896,"['Personal Loan', 'Credit Card', 'Demat A/c']"
897,"['Demat A/c', 'Business Loan', 'Savings A/c', 'Personal Loan']"
898,"['Credit Card', 'Demat A/c', 'Personal Loan', 'Savings A/c']"
899,['Business Loan']
900,['Demat A/c']
901,"['Personal Loan', 'Demat A/c']"
902,"['Savings A/c', 'Demat A/c', 'Credit Card']"
903,"['Investment', 'Savings A/c', 'Personal Loan']"
904,['Personal Loan']
905,['Savings A/c']
906,['Savings A/c']
907,['Business Loan']
908,"['Credit Card', 'Investment']"
909,"['Investment', 'Credit Card']"
910,"['Savings A/c', 'Business Loan']"
911,"['Personal Loan', 'Business Loan', 'Investment']"
912,"['Investment', 'Credit Card', 'Demat A/c']"
913,"['Savings A/c', 'Business Loan', 'Credit Card']"
914,"['Investment', 'Demat A/c', 'Credit Card']"
915,"['Savings A/c', 'Demat A/c', 'Business Loan', 'Credit Card']"
916,"['Demat A/c', 'Personal Loan', 'Business Loan', 'Credit Card']"
917,"['Credit Card', 'Demat A/c', 'Investment']"
918,"['Investment', 'Demat A/c']"
919,['Credit Card']
920,['Personal Loan']
921,['Savings A/c']
922,"['Savings A/c', 'Personal Loan', 'Demat A/c']"
923,['Demat A/c']
924,"['Personal Loan', 'Business Loan', 'Investment', 'Savings A/c']"
925,"['Business Loan', 'Credit Card', 'Investment']"
926,['Demat A/c']
927,['Personal Loan']
928,"['Demat A/c', 'Credit Card']"
929,"['Credit Card', 'Savings A/c', 'Business Loan', 'Personal Loan']"
930,"['Credit Card', 'Demat A/c', 'Savings A/c']"
931,['Business Loan']
932,"['Business Loan', 'Demat A/c']"
933,"['Investment', 'Demat A/c', 'Personal Loan']"
934,"['Business Loan', 'Demat A/c', 'Savings A/c', 'Credit Card']"
935,"['Personal Loan', 'Credit Card']"
936,"['Credit Card', 'Personal Loan', 'Business Loan', 'Savings A/c']"
937,['Business Loan']
938,['Investment']
939,"['Investment', 'Business Loan', 'Credit Card', 'Savings A/c']"
940,"['Savings A/c', 'Investment']"
941,['Personal Loan']
942,"['Credit Card', 'Investment', 'Personal Loan']"
943,"['Investment', 'Business Loan', 'Savings A/c', 'Demat A/c']"
944,['Demat A/c']
945,['Demat A/c']
946,"['Investment', 'Savings A/c']"
947,['Demat A/c']
948,['Savings A/c']
949,"['Personal Loan', 'Business Loan']"
950,"['Business Loan', 'Savings A/c', 'Investment']"
951,"['Savings A/c', 'Business Loan', 'Personal Loan']"
952,['Personal Loan']
953,"['Demat A/c', 'Credit Card']"
954,"['Credit Card', 'Personal Loan']"
955,"['Savings A/c', 'Business Loan', 'Investment', 'Credit Card']"
956,"['Personal Loan', 'Savings A/c', 'Business Loan']"
957,"['Business Loan', 'Credit Card', 'Demat A/c', 'Savings A/c']"
958,"['Investment', 'Demat A/c', 'Credit Card']"
959,"['Business Loan', 'Personal Loan']"
960,['Investment']
961,"['Business Loan', 'Savings A/c']"
962,['Investment']
963,"['Business Loan', 'Personal Loan', 'Credit Card']"
964,"['Savings A/c', 'Demat A/c', 'Personal Loan', 'Credit Card']"
965,"['Credit Card', 'Personal Loan', 'Investment', 'Savings A/c']"
966,['Personal Loan']
967,"['Personal Loan', 'Savings A/c']"
968,"['Investment', 'Credit Card', 'Business Loan']"
969,['Credit Card']
970,['Personal Loan']
971,"['Personal Loan', 'Credit Card', 'Business Loan', 'Demat A/c']"
972,['Savings A/c']
973,['Personal Loan']
974,"['Investment', 'Savings A/c', 'Demat A/c', 'Credit Card']"
975,"['Investment', 'Savings A/c', 'Personal Loan', 'Demat A/c']"
976,"['Personal Loan', 'Business Loan']"
977,"['Savings A/c', 'Personal Loan', 'Credit Card']"
978,"['Investment', 'Business Loan']"
979,"['Savings A/c', 'Demat A/c', 'Investment', 'Credit Card']"
980,['Business Loan']
981,"['Personal Loan', 'Savings A/c', 'Investment', 'Business Loan']"
982,"['Investment', 'Demat A/c']"
983,['Savings A/c']
984,"['Savings A/c', 'Demat A/c', 'Investment']"
985,"['Demat A/c', 'Investment', 'Business Loan']"
986,"['Business Loan', 'Personal Loan', 'Credit Card', 'Demat A/c']"
987,"['Credit Card', 'Business Loan']"
988,['Savings A/c']
989,"['Demat A/c', 'Personal Loan', 'Investment']"
990,['Personal Loan']
991,"['Business Loan', 'Demat A/c']"
992,['Personal Loan']
993,"['Business Loan', 'Personal Loan', 'Demat A/c', 'Credit Card']"
994,"['Investment', 'Business Loan', 'Credit Card']"
995,"['Demat A/c', 'Investment', 'Personal Loan']"
996,"['Savings A/c', 'Demat A/c']"
997,"['Personal Loan', 'Savings A/c', 'Credit Card']"
998,['Credit Card']
999,"['Demat A/c', 'Personal Loan']"
1000,['Demat A/c']
